{"cameraMode":{"drawMode":0,"name":"Shaded","section":"Shading Mode"},"sceneLighting":true,"audioPlay":false,"sceneViewState":{"m_AlwaysRefresh":false,"showFog":true,"showSkybox":true,"showFlares":true,"showImageEffects":true,"showParticleSystems":true,"showVisualEffectGraphs":true,"m_FxEnabled":false},"in2DMode":false,"pivot":{"x":-0.6456529498100281,"y":0.727655291557312,"z":0.9608672261238098},"rotation":{"x":0.6011317372322083,"y":0.0021654784213751556,"z":-0.0015951622044667602,"w":0.799182653427124},"size":5.995256423950195,"orthographic":true}